-- 1. Import Sản Phẩm
INSERT INTO `u883604362_store`.`store_sanpham` (`id`, `ma_sanpham`, `ten_sanpham`, `ten_hoatchat`, `nongdo_hamluong`, `sokiemsoat`, `quycachdonggoi`, `anh`, `donvitinh_id`, `nha_sanxuat_id`, `nuoc_sanxuat_id`, `deleted_at`, `created_at`, `updated_at`) VALUES (148,148,N'Bedaquiline',NULL,N'','TMC16015E',NULL,NULL,27,NULL,NULL,NULL,NULL,NULL);
INSERT INTO `u883604362_store`.`store_sanpham` (`id`, `ma_sanpham`, `ten_sanpham`, `ten_hoatchat`, `nongdo_hamluong`, `sokiemsoat`, `quycachdonggoi`, `anh`, `donvitinh_id`, `nha_sanxuat_id`, `nuoc_sanxuat_id`, `deleted_at`, `created_at`, `updated_at`) VALUES (149,149,N'Capreomycin',NULL,N'1g','5160510',NULL,NULL,15,NULL,NULL,NULL,NULL,NULL);
INSERT INTO `u883604362_store`.`store_sanpham` (`id`, `ma_sanpham`, `ten_sanpham`, `ten_hoatchat`, `nongdo_hamluong`, `sokiemsoat`, `quycachdonggoi`, `anh`, `donvitinh_id`, `nha_sanxuat_id`, `nuoc_sanxuat_id`, `deleted_at`, `created_at`, `updated_at`) VALUES (150,150,N'Clofazimine',NULL,N'100mg','GL1046',NULL,NULL,27,NULL,NULL,NULL,NULL,NULL);
INSERT INTO `u883604362_store`.`store_sanpham` (`id`, `ma_sanpham`, `ten_sanpham`, `ten_hoatchat`, `nongdo_hamluong`, `sokiemsoat`, `quycachdonggoi`, `anh`, `donvitinh_id`, `nha_sanxuat_id`, `nuoc_sanxuat_id`, `deleted_at`, `created_at`, `updated_at`) VALUES (151,151,N'Clofazimine',NULL,N'100mg','GL1046',NULL,NULL,27,NULL,NULL,NULL,NULL,NULL);
INSERT INTO `u883604362_store`.`store_sanpham` (`id`, `ma_sanpham`, `ten_sanpham`, `ten_hoatchat`, `nongdo_hamluong`, `sokiemsoat`, `quycachdonggoi`, `anh`, `donvitinh_id`, `nha_sanxuat_id`, `nuoc_sanxuat_id`, `deleted_at`, `created_at`, `updated_at`) VALUES (152,152,N'Cycloserin',NULL,N'250mg','1503206',NULL,NULL,27,NULL,NULL,NULL,NULL,NULL);
INSERT INTO `u883604362_store`.`store_sanpham` (`id`, `ma_sanpham`, `ten_sanpham`, `ten_hoatchat`, `nongdo_hamluong`, `sokiemsoat`, `quycachdonggoi`, `anh`, `donvitinh_id`, `nha_sanxuat_id`, `nuoc_sanxuat_id`, `deleted_at`, `created_at`, `updated_at`) VALUES (153,153,N'Cycloserine( Closerine)',NULL,N'250mg','1607450',NULL,NULL,27,NULL,NULL,NULL,NULL,NULL);
INSERT INTO `u883604362_store`.`store_sanpham` (`id`, `ma_sanpham`, `ten_sanpham`, `ten_hoatchat`, `nongdo_hamluong`, `sokiemsoat`, `quycachdonggoi`, `anh`, `donvitinh_id`, `nha_sanxuat_id`, `nuoc_sanxuat_id`, `deleted_at`, `created_at`, `updated_at`) VALUES (154,154,N'Cycloserine(Closerine)',NULL,N'250mg','1607452',NULL,NULL,27,NULL,NULL,NULL,NULL,NULL);
INSERT INTO `u883604362_store`.`store_sanpham` (`id`, `ma_sanpham`, `ten_sanpham`, `ten_hoatchat`, `nongdo_hamluong`, `sokiemsoat`, `quycachdonggoi`, `anh`, `donvitinh_id`, `nha_sanxuat_id`, `nuoc_sanxuat_id`, `deleted_at`, `created_at`, `updated_at`) VALUES (155,155,N'Cycloserine',NULL,N'250mg','1701489',NULL,NULL,27,NULL,NULL,NULL,NULL,NULL);
INSERT INTO `u883604362_store`.`store_sanpham` (`id`, `ma_sanpham`, `ten_sanpham`, `ten_hoatchat`, `nongdo_hamluong`, `sokiemsoat`, `quycachdonggoi`, `anh`, `donvitinh_id`, `nha_sanxuat_id`, `nuoc_sanxuat_id`, `deleted_at`, `created_at`, `updated_at`) VALUES (156,156,N'Isoniazid',NULL,N'300mg','16TTB143A',NULL,NULL,27,NULL,NULL,NULL,NULL,NULL);
INSERT INTO `u883604362_store`.`store_sanpham` (`id`, `ma_sanpham`, `ten_sanpham`, `ten_hoatchat`, `nongdo_hamluong`, `sokiemsoat`, `quycachdonggoi`, `anh`, `donvitinh_id`, `nha_sanxuat_id`, `nuoc_sanxuat_id`, `deleted_at`, `created_at`, `updated_at`) VALUES (157,157,N'Isoniazid',NULL,N'300mg','16TIB143A',NULL,NULL,27,NULL,NULL,NULL,NULL,NULL);
INSERT INTO `u883604362_store`.`store_sanpham` (`id`, `ma_sanpham`, `ten_sanpham`, `ten_hoatchat`, `nongdo_hamluong`, `sokiemsoat`, `quycachdonggoi`, `anh`, `donvitinh_id`, `nha_sanxuat_id`, `nuoc_sanxuat_id`, `deleted_at`, `created_at`, `updated_at`) VALUES (158,158,N'Kanamycin',NULL,N'1g','WKDNAN1771',NULL,NULL,18,NULL,NULL,NULL,NULL,NULL);
INSERT INTO `u883604362_store`.`store_sanpham` (`id`, `ma_sanpham`, `ten_sanpham`, `ten_hoatchat`, `nongdo_hamluong`, `sokiemsoat`, `quycachdonggoi`, `anh`, `donvitinh_id`, `nha_sanxuat_id`, `nuoc_sanxuat_id`, `deleted_at`, `created_at`, `updated_at`) VALUES (159,159,N'Kanamycin',NULL,N'1g','WKDNAN1767',NULL,NULL,18,NULL,NULL,NULL,NULL,NULL);
INSERT INTO `u883604362_store`.`store_sanpham` (`id`, `ma_sanpham`, `ten_sanpham`, `ten_hoatchat`, `nongdo_hamluong`, `sokiemsoat`, `quycachdonggoi`, `anh`, `donvitinh_id`, `nha_sanxuat_id`, `nuoc_sanxuat_id`, `deleted_at`, `created_at`, `updated_at`) VALUES (160,160,N'Kanamycin',NULL,N'1g','WKDNAN1769',NULL,NULL,18,NULL,NULL,NULL,NULL,NULL);
INSERT INTO `u883604362_store`.`store_sanpham` (`id`, `ma_sanpham`, `ten_sanpham`, `ten_hoatchat`, `nongdo_hamluong`, `sokiemsoat`, `quycachdonggoi`, `anh`, `donvitinh_id`, `nha_sanxuat_id`, `nuoc_sanxuat_id`, `deleted_at`, `created_at`, `updated_at`) VALUES (161,161,N'Levofloxacin',NULL,N'250mg','BLB6614A',NULL,NULL,27,NULL,NULL,NULL,NULL,NULL);
INSERT INTO `u883604362_store`.`store_sanpham` (`id`, `ma_sanpham`, `ten_sanpham`, `ten_hoatchat`, `nongdo_hamluong`, `sokiemsoat`, `quycachdonggoi`, `anh`, `donvitinh_id`, `nha_sanxuat_id`, `nuoc_sanxuat_id`, `deleted_at`, `created_at`, `updated_at`) VALUES (162,162,N'Levofloxacin',NULL,N'250mg','BLB6622A',NULL,NULL,27,NULL,NULL,NULL,NULL,NULL);
INSERT INTO `u883604362_store`.`store_sanpham` (`id`, `ma_sanpham`, `ten_sanpham`, `ten_hoatchat`, `nongdo_hamluong`, `sokiemsoat`, `quycachdonggoi`, `anh`, `donvitinh_id`, `nha_sanxuat_id`, `nuoc_sanxuat_id`, `deleted_at`, `created_at`, `updated_at`) VALUES (163,163,N'Linezolid',NULL,N'600mg','Liz16014A',NULL,NULL,27,NULL,NULL,NULL,NULL,NULL);
INSERT INTO `u883604362_store`.`store_sanpham` (`id`, `ma_sanpham`, `ten_sanpham`, `ten_hoatchat`, `nongdo_hamluong`, `sokiemsoat`, `quycachdonggoi`, `anh`, `donvitinh_id`, `nha_sanxuat_id`, `nuoc_sanxuat_id`, `deleted_at`, `created_at`, `updated_at`) VALUES (164,164,N'Linezolid',NULL,N'600mg','LIZ16015A',NULL,NULL,27,NULL,NULL,NULL,NULL,NULL);
INSERT INTO `u883604362_store`.`store_sanpham` (`id`, `ma_sanpham`, `ten_sanpham`, `ten_hoatchat`, `nongdo_hamluong`, `sokiemsoat`, `quycachdonggoi`, `anh`, `donvitinh_id`, `nha_sanxuat_id`, `nuoc_sanxuat_id`, `deleted_at`, `created_at`, `updated_at`) VALUES (165,165,N'Moxifloxacin',NULL,N'400mg','MXF16013B',NULL,NULL,27,NULL,NULL,NULL,NULL,NULL);
INSERT INTO `u883604362_store`.`store_sanpham` (`id`, `ma_sanpham`, `ten_sanpham`, `ten_hoatchat`, `nongdo_hamluong`, `sokiemsoat`, `quycachdonggoi`, `anh`, `donvitinh_id`, `nha_sanxuat_id`, `nuoc_sanxuat_id`, `deleted_at`, `created_at`, `updated_at`) VALUES (166,166,N'Moxifloxacin',NULL,N'400mg','MXF16013B',NULL,NULL,27,NULL,NULL,NULL,NULL,NULL);
INSERT INTO `u883604362_store`.`store_sanpham` (`id`, `ma_sanpham`, `ten_sanpham`, `ten_hoatchat`, `nongdo_hamluong`, `sokiemsoat`, `quycachdonggoi`, `anh`, `donvitinh_id`, `nha_sanxuat_id`, `nuoc_sanxuat_id`, `deleted_at`, `created_at`, `updated_at`) VALUES (167,167,N'Pas-Na',NULL,N'5.25g','1740515',NULL,NULL,10,NULL,NULL,NULL,NULL,NULL);
INSERT INTO `u883604362_store`.`store_sanpham` (`id`, `ma_sanpham`, `ten_sanpham`, `ten_hoatchat`, `nongdo_hamluong`, `sokiemsoat`, `quycachdonggoi`, `anh`, `donvitinh_id`, `nha_sanxuat_id`, `nuoc_sanxuat_id`, `deleted_at`, `created_at`, `updated_at`) VALUES (168,168,N'Pas-Na',NULL,N'5.25g','2080615',NULL,NULL,10,NULL,NULL,NULL,NULL,NULL);
INSERT INTO `u883604362_store`.`store_sanpham` (`id`, `ma_sanpham`, `ten_sanpham`, `ten_hoatchat`, `nongdo_hamluong`, `sokiemsoat`, `quycachdonggoi`, `anh`, `donvitinh_id`, `nha_sanxuat_id`, `nuoc_sanxuat_id`, `deleted_at`, `created_at`, `updated_at`) VALUES (169,169,N'Prothionamide',NULL,N'250mg','A604339',NULL,NULL,27,NULL,NULL,NULL,NULL,NULL);
INSERT INTO `u883604362_store`.`store_sanpham` (`id`, `ma_sanpham`, `ten_sanpham`, `ten_hoatchat`, `nongdo_hamluong`, `sokiemsoat`, `quycachdonggoi`, `anh`, `donvitinh_id`, `nha_sanxuat_id`, `nuoc_sanxuat_id`, `deleted_at`, `created_at`, `updated_at`) VALUES (170,170,N'Prothionamide',NULL,N'250mg','A604393',NULL,NULL,27,NULL,NULL,NULL,NULL,NULL);
INSERT INTO `u883604362_store`.`store_sanpham` (`id`, `ma_sanpham`, `ten_sanpham`, `ten_hoatchat`, `nongdo_hamluong`, `sokiemsoat`, `quycachdonggoi`, `anh`, `donvitinh_id`, `nha_sanxuat_id`, `nuoc_sanxuat_id`, `deleted_at`, `created_at`, `updated_at`) VALUES (171,171,N'Prothionamide',NULL,N'250mg','A604393',NULL,NULL,27,NULL,NULL,NULL,NULL,NULL);
INSERT INTO `u883604362_store`.`store_sanpham` (`id`, `ma_sanpham`, `ten_sanpham`, `ten_hoatchat`, `nongdo_hamluong`, `sokiemsoat`, `quycachdonggoi`, `anh`, `donvitinh_id`, `nha_sanxuat_id`, `nuoc_sanxuat_id`, `deleted_at`, `created_at`, `updated_at`) VALUES (172,172,N'Pyrazinamide',NULL,N'500mg','16TPE036A',NULL,NULL,27,NULL,NULL,NULL,NULL,NULL);
INSERT INTO `u883604362_store`.`store_sanpham` (`id`, `ma_sanpham`, `ten_sanpham`, `ten_hoatchat`, `nongdo_hamluong`, `sokiemsoat`, `quycachdonggoi`, `anh`, `donvitinh_id`, `nha_sanxuat_id`, `nuoc_sanxuat_id`, `deleted_at`, `created_at`, `updated_at`) VALUES (173,173,N'Pyrazinamide',NULL,N'500mg','16TPE046A',NULL,NULL,27,NULL,NULL,NULL,NULL,NULL);
INSERT INTO `u883604362_store`.`store_sanpham` (`id`, `ma_sanpham`, `ten_sanpham`, `ten_hoatchat`, `nongdo_hamluong`, `sokiemsoat`, `quycachdonggoi`, `anh`, `donvitinh_id`, `nha_sanxuat_id`, `nuoc_sanxuat_id`, `deleted_at`, `created_at`, `updated_at`) VALUES (174,174,N'INH',NULL,N'50mg','15017',NULL,NULL,27,NULL,NULL,NULL,NULL,NULL);
INSERT INTO `u883604362_store`.`store_sanpham` (`id`, `ma_sanpham`, `ten_sanpham`, `ten_hoatchat`, `nongdo_hamluong`, `sokiemsoat`, `quycachdonggoi`, `anh`, `donvitinh_id`, `nha_sanxuat_id`, `nuoc_sanxuat_id`, `deleted_at`, `created_at`, `updated_at`) VALUES (175,175,N'Trepmycin',NULL,N'1g','517006',NULL,NULL,15,NULL,NULL,NULL,NULL,NULL);
INSERT INTO `u883604362_store`.`store_sanpham` (`id`, `ma_sanpham`, `ten_sanpham`, `ten_hoatchat`, `nongdo_hamluong`, `sokiemsoat`, `quycachdonggoi`, `anh`, `donvitinh_id`, `nha_sanxuat_id`, `nuoc_sanxuat_id`, `deleted_at`, `created_at`, `updated_at`) VALUES (176,176,N'Trepmycin',NULL,N'1g','517009',NULL,NULL,15,NULL,NULL,NULL,NULL,NULL);
INSERT INTO `u883604362_store`.`store_sanpham` (`id`, `ma_sanpham`, `ten_sanpham`, `ten_hoatchat`, `nongdo_hamluong`, `sokiemsoat`, `quycachdonggoi`, `anh`, `donvitinh_id`, `nha_sanxuat_id`, `nuoc_sanxuat_id`, `deleted_at`, `created_at`, `updated_at`) VALUES (177,177,N'Trepmycin',NULL,N'1g','517010',NULL,NULL,15,NULL,NULL,NULL,NULL,NULL);
INSERT INTO `u883604362_store`.`store_sanpham` (`id`, `ma_sanpham`, `ten_sanpham`, `ten_hoatchat`, `nongdo_hamluong`, `sokiemsoat`, `quycachdonggoi`, `anh`, `donvitinh_id`, `nha_sanxuat_id`, `nuoc_sanxuat_id`, `deleted_at`, `created_at`, `updated_at`) VALUES (178,178,N'Trepmycin',NULL,N'1g','517011',NULL,NULL,15,NULL,NULL,NULL,NULL,NULL);
INSERT INTO `u883604362_store`.`store_sanpham` (`id`, `ma_sanpham`, `ten_sanpham`, `ten_hoatchat`, `nongdo_hamluong`, `sokiemsoat`, `quycachdonggoi`, `anh`, `donvitinh_id`, `nha_sanxuat_id`, `nuoc_sanxuat_id`, `deleted_at`, `created_at`, `updated_at`) VALUES (179,179,N'Trepmycin',NULL,N'1g','517017',NULL,NULL,15,NULL,NULL,NULL,NULL,NULL);
INSERT INTO `u883604362_store`.`store_sanpham` (`id`, `ma_sanpham`, `ten_sanpham`, `ten_hoatchat`, `nongdo_hamluong`, `sokiemsoat`, `quycachdonggoi`, `anh`, `donvitinh_id`, `nha_sanxuat_id`, `nuoc_sanxuat_id`, `deleted_at`, `created_at`, `updated_at`) VALUES (180,180,N'Ethambutol',NULL,N'400mg','117',NULL,NULL,27,NULL,NULL,NULL,NULL,NULL);
INSERT INTO `u883604362_store`.`store_sanpham` (`id`, `ma_sanpham`, `ten_sanpham`, `ten_hoatchat`, `nongdo_hamluong`, `sokiemsoat`, `quycachdonggoi`, `anh`, `donvitinh_id`, `nha_sanxuat_id`, `nuoc_sanxuat_id`, `deleted_at`, `created_at`, `updated_at`) VALUES (181,181,N'Turbezid(RHZ)',NULL,N'150/75/400mg','17131',NULL,NULL,27,NULL,NULL,NULL,NULL,NULL);
INSERT INTO `u883604362_store`.`store_sanpham` (`id`, `ma_sanpham`, `ten_sanpham`, `ten_hoatchat`, `nongdo_hamluong`, `sokiemsoat`, `quycachdonggoi`, `anh`, `donvitinh_id`, `nha_sanxuat_id`, `nuoc_sanxuat_id`, `deleted_at`, `created_at`, `updated_at`) VALUES (182,182,N'Turbezid(RHZ)',NULL,N'150/75/400mg','17132',NULL,NULL,27,NULL,NULL,NULL,NULL,NULL);
INSERT INTO `u883604362_store`.`store_sanpham` (`id`, `ma_sanpham`, `ten_sanpham`, `ten_hoatchat`, `nongdo_hamluong`, `sokiemsoat`, `quycachdonggoi`, `anh`, `donvitinh_id`, `nha_sanxuat_id`, `nuoc_sanxuat_id`, `deleted_at`, `created_at`, `updated_at`) VALUES (183,183,N'Tube(R/H)',NULL,N'150/100mg','17109',NULL,NULL,27,NULL,NULL,NULL,NULL,NULL);
INSERT INTO `u883604362_store`.`store_sanpham` (`id`, `ma_sanpham`, `ten_sanpham`, `ten_hoatchat`, `nongdo_hamluong`, `sokiemsoat`, `quycachdonggoi`, `anh`, `donvitinh_id`, `nha_sanxuat_id`, `nuoc_sanxuat_id`, `deleted_at`, `created_at`, `updated_at`) VALUES (184,184,N'Tube(R/H)',NULL,N'150/100mg','17106',NULL,NULL,27,NULL,NULL,NULL,NULL,NULL);
INSERT INTO `u883604362_store`.`store_sanpham` (`id`, `ma_sanpham`, `ten_sanpham`, `ten_hoatchat`, `nongdo_hamluong`, `sokiemsoat`, `quycachdonggoi`, `anh`, `donvitinh_id`, `nha_sanxuat_id`, `nuoc_sanxuat_id`, `deleted_at`, `created_at`, `updated_at`) VALUES (185,185,N'Lam kính',NULL,N'H/72','',NULL,NULL,33,NULL,NULL,NULL,NULL,NULL);
INSERT INTO `u883604362_store`.`store_sanpham` (`id`, `ma_sanpham`, `ten_sanpham`, `ten_hoatchat`, `nongdo_hamluong`, `sokiemsoat`, `quycachdonggoi`, `anh`, `donvitinh_id`, `nha_sanxuat_id`, `nuoc_sanxuat_id`, `deleted_at`, `created_at`, `updated_at`) VALUES (186,186,N'Cốc đờm',NULL,N'T/500','',NULL,NULL,33,NULL,NULL,NULL,NULL,NULL);
INSERT INTO `u883604362_store`.`store_sanpham` (`id`, `ma_sanpham`, `ten_sanpham`, `ten_hoatchat`, `nongdo_hamluong`, `sokiemsoat`, `quycachdonggoi`, `anh`, `donvitinh_id`, `nha_sanxuat_id`, `nuoc_sanxuat_id`, `deleted_at`, `created_at`, `updated_at`) VALUES (187,187,N'Phenol',NULL,N'C/250g','',NULL,NULL,8,NULL,NULL,NULL,NULL,NULL);
INSERT INTO `u883604362_store`.`store_sanpham` (`id`, `ma_sanpham`, `ten_sanpham`, `ten_hoatchat`, `nongdo_hamluong`, `sokiemsoat`, `quycachdonggoi`, `anh`, `donvitinh_id`, `nha_sanxuat_id`, `nuoc_sanxuat_id`, `deleted_at`, `created_at`, `updated_at`) VALUES (188,188,N'Dầu soi kính',NULL,N'C/100ml','',NULL,NULL,17,NULL,NULL,NULL,NULL,NULL);
INSERT INTO `u883604362_store`.`store_sanpham` (`id`, `ma_sanpham`, `ten_sanpham`, `ten_hoatchat`, `nongdo_hamluong`, `sokiemsoat`, `quycachdonggoi`, `anh`, `donvitinh_id`, `nha_sanxuat_id`, `nuoc_sanxuat_id`, `deleted_at`, `created_at`, `updated_at`) VALUES (189,189,N'Xanh Methylene',NULL,N'100g ','',NULL,NULL,8,NULL,NULL,NULL,NULL,NULL);
INSERT INTO `u883604362_store`.`store_sanpham` (`id`, `ma_sanpham`, `ten_sanpham`, `ten_hoatchat`, `nongdo_hamluong`, `sokiemsoat`, `quycachdonggoi`, `anh`, `donvitinh_id`, `nha_sanxuat_id`, `nuoc_sanxuat_id`, `deleted_at`, `created_at`, `updated_at`) VALUES (190,190,N'Kít chuẩn đoán  GeneXpert',NULL,N'MTB/RIF','67082',NULL,NULL,38,NULL,NULL,NULL,NULL,NULL);
INSERT INTO `u883604362_store`.`store_sanpham` (`id`, `ma_sanpham`, `ten_sanpham`, `ten_hoatchat`, `nongdo_hamluong`, `sokiemsoat`, `quycachdonggoi`, `anh`, `donvitinh_id`, `nha_sanxuat_id`, `nuoc_sanxuat_id`, `deleted_at`, `created_at`, `updated_at`) VALUES (191,191,N'Tuýp thủy tinh trung tính nắp xoáy (đáy bằng)',NULL,N'50ml ','',NULL,NULL,2,NULL,NULL,NULL,NULL,NULL);
INSERT INTO `u883604362_store`.`store_sanpham` (`id`, `ma_sanpham`, `ten_sanpham`, `ten_hoatchat`, `nongdo_hamluong`, `sokiemsoat`, `quycachdonggoi`, `anh`, `donvitinh_id`, `nha_sanxuat_id`, `nuoc_sanxuat_id`, `deleted_at`, `created_at`, `updated_at`) VALUES (192,192,N'Tuýp thủy tinh trung tính nắp xoáy (đáy nhọn)',NULL,N'50ml','',NULL,NULL,2,NULL,NULL,NULL,NULL,NULL);
INSERT INTO `u883604362_store`.`store_sanpham` (`id`, `ma_sanpham`, `ten_sanpham`, `ten_hoatchat`, `nongdo_hamluong`, `sokiemsoat`, `quycachdonggoi`, `anh`, `donvitinh_id`, `nha_sanxuat_id`, `nuoc_sanxuat_id`, `deleted_at`, `created_at`, `updated_at`) VALUES (193,193,N'Khẩu trang y tế loại có van thoán khí',NULL,N'N95 3M-9211','A16043B01',NULL,NULL,2,NULL,NULL,NULL,NULL,NULL);
INSERT INTO `u883604362_store`.`store_sanpham` (`id`, `ma_sanpham`, `ten_sanpham`, `ten_hoatchat`, `nongdo_hamluong`, `sokiemsoat`, `quycachdonggoi`, `anh`, `donvitinh_id`, `nha_sanxuat_id`, `nuoc_sanxuat_id`, `deleted_at`, `created_at`, `updated_at`) VALUES (194,194,N'Máy nuôi cấy vi khuẩn lao Bactec ',NULL,N'MGIT 960','',NULL,NULL,36,NULL,NULL,NULL,NULL,NULL);
INSERT INTO `u883604362_store`.`store_sanpham` (`id`, `ma_sanpham`, `ten_sanpham`, `ten_hoatchat`, `nongdo_hamluong`, `sokiemsoat`, `quycachdonggoi`, `anh`, `donvitinh_id`, `nha_sanxuat_id`, `nuoc_sanxuat_id`, `deleted_at`, `created_at`, `updated_at`) VALUES (195,195,N'Hướng dẫn kiểm soát nhiễm khuẩn lao',NULL,N'','',NULL,NULL,46,NULL,NULL,NULL,NULL,NULL);
INSERT INTO `u883604362_store`.`store_sanpham` (`id`, `ma_sanpham`, `ten_sanpham`, `ten_hoatchat`, `nongdo_hamluong`, `sokiemsoat`, `quycachdonggoi`, `anh`, `donvitinh_id`, `nha_sanxuat_id`, `nuoc_sanxuat_id`, `deleted_at`, `created_at`, `updated_at`) VALUES (196,196,N'Hươớng dẫn sử dụng trang thiết bị xét nghiệm vi khuẩn lao',NULL,N'','',NULL,NULL,46,NULL,NULL,NULL,NULL,NULL);
INSERT INTO `u883604362_store`.`store_sanpham` (`id`, `ma_sanpham`, `ten_sanpham`, `ten_hoatchat`, `nongdo_hamluong`, `sokiemsoat`, `quycachdonggoi`, `anh`, `donvitinh_id`, `nha_sanxuat_id`, `nuoc_sanxuat_id`, `deleted_at`, `created_at`, `updated_at`) VALUES (197,197,N'Tem dán tái sản nguồn QTC',NULL,N'','',NULL,NULL,47,NULL,NULL,NULL,NULL,NULL);


-- 2. Phân loại
INSERT INTO `u883604362_store`.`store_sanpham_nhom_loai_rel` (`id`, `sanpham_id`, `sanpham_nhom_id`, `sanpham_loai_id`, `deleted_at`, `created_at`, `updated_at`) VALUES (148,148,1,10,NULL,NULL,NULL);
INSERT INTO `u883604362_store`.`store_sanpham_nhom_loai_rel` (`id`, `sanpham_id`, `sanpham_nhom_id`, `sanpham_loai_id`, `deleted_at`, `created_at`, `updated_at`) VALUES (149,149,1,10,NULL,NULL,NULL);
INSERT INTO `u883604362_store`.`store_sanpham_nhom_loai_rel` (`id`, `sanpham_id`, `sanpham_nhom_id`, `sanpham_loai_id`, `deleted_at`, `created_at`, `updated_at`) VALUES (150,150,1,10,NULL,NULL,NULL);
INSERT INTO `u883604362_store`.`store_sanpham_nhom_loai_rel` (`id`, `sanpham_id`, `sanpham_nhom_id`, `sanpham_loai_id`, `deleted_at`, `created_at`, `updated_at`) VALUES (151,151,1,10,NULL,NULL,NULL);
INSERT INTO `u883604362_store`.`store_sanpham_nhom_loai_rel` (`id`, `sanpham_id`, `sanpham_nhom_id`, `sanpham_loai_id`, `deleted_at`, `created_at`, `updated_at`) VALUES (152,152,1,10,NULL,NULL,NULL);
INSERT INTO `u883604362_store`.`store_sanpham_nhom_loai_rel` (`id`, `sanpham_id`, `sanpham_nhom_id`, `sanpham_loai_id`, `deleted_at`, `created_at`, `updated_at`) VALUES (153,153,1,10,NULL,NULL,NULL);
INSERT INTO `u883604362_store`.`store_sanpham_nhom_loai_rel` (`id`, `sanpham_id`, `sanpham_nhom_id`, `sanpham_loai_id`, `deleted_at`, `created_at`, `updated_at`) VALUES (154,154,1,10,NULL,NULL,NULL);
INSERT INTO `u883604362_store`.`store_sanpham_nhom_loai_rel` (`id`, `sanpham_id`, `sanpham_nhom_id`, `sanpham_loai_id`, `deleted_at`, `created_at`, `updated_at`) VALUES (155,155,1,10,NULL,NULL,NULL);
INSERT INTO `u883604362_store`.`store_sanpham_nhom_loai_rel` (`id`, `sanpham_id`, `sanpham_nhom_id`, `sanpham_loai_id`, `deleted_at`, `created_at`, `updated_at`) VALUES (156,156,1,10,NULL,NULL,NULL);
INSERT INTO `u883604362_store`.`store_sanpham_nhom_loai_rel` (`id`, `sanpham_id`, `sanpham_nhom_id`, `sanpham_loai_id`, `deleted_at`, `created_at`, `updated_at`) VALUES (157,157,1,10,NULL,NULL,NULL);
INSERT INTO `u883604362_store`.`store_sanpham_nhom_loai_rel` (`id`, `sanpham_id`, `sanpham_nhom_id`, `sanpham_loai_id`, `deleted_at`, `created_at`, `updated_at`) VALUES (158,158,1,10,NULL,NULL,NULL);
INSERT INTO `u883604362_store`.`store_sanpham_nhom_loai_rel` (`id`, `sanpham_id`, `sanpham_nhom_id`, `sanpham_loai_id`, `deleted_at`, `created_at`, `updated_at`) VALUES (159,159,1,10,NULL,NULL,NULL);
INSERT INTO `u883604362_store`.`store_sanpham_nhom_loai_rel` (`id`, `sanpham_id`, `sanpham_nhom_id`, `sanpham_loai_id`, `deleted_at`, `created_at`, `updated_at`) VALUES (160,160,1,10,NULL,NULL,NULL);
INSERT INTO `u883604362_store`.`store_sanpham_nhom_loai_rel` (`id`, `sanpham_id`, `sanpham_nhom_id`, `sanpham_loai_id`, `deleted_at`, `created_at`, `updated_at`) VALUES (161,161,1,10,NULL,NULL,NULL);
INSERT INTO `u883604362_store`.`store_sanpham_nhom_loai_rel` (`id`, `sanpham_id`, `sanpham_nhom_id`, `sanpham_loai_id`, `deleted_at`, `created_at`, `updated_at`) VALUES (162,162,1,10,NULL,NULL,NULL);
INSERT INTO `u883604362_store`.`store_sanpham_nhom_loai_rel` (`id`, `sanpham_id`, `sanpham_nhom_id`, `sanpham_loai_id`, `deleted_at`, `created_at`, `updated_at`) VALUES (163,163,1,10,NULL,NULL,NULL);
INSERT INTO `u883604362_store`.`store_sanpham_nhom_loai_rel` (`id`, `sanpham_id`, `sanpham_nhom_id`, `sanpham_loai_id`, `deleted_at`, `created_at`, `updated_at`) VALUES (164,164,1,10,NULL,NULL,NULL);
INSERT INTO `u883604362_store`.`store_sanpham_nhom_loai_rel` (`id`, `sanpham_id`, `sanpham_nhom_id`, `sanpham_loai_id`, `deleted_at`, `created_at`, `updated_at`) VALUES (165,165,1,10,NULL,NULL,NULL);
INSERT INTO `u883604362_store`.`store_sanpham_nhom_loai_rel` (`id`, `sanpham_id`, `sanpham_nhom_id`, `sanpham_loai_id`, `deleted_at`, `created_at`, `updated_at`) VALUES (166,166,1,10,NULL,NULL,NULL);
INSERT INTO `u883604362_store`.`store_sanpham_nhom_loai_rel` (`id`, `sanpham_id`, `sanpham_nhom_id`, `sanpham_loai_id`, `deleted_at`, `created_at`, `updated_at`) VALUES (167,167,1,10,NULL,NULL,NULL);
INSERT INTO `u883604362_store`.`store_sanpham_nhom_loai_rel` (`id`, `sanpham_id`, `sanpham_nhom_id`, `sanpham_loai_id`, `deleted_at`, `created_at`, `updated_at`) VALUES (168,168,1,10,NULL,NULL,NULL);
INSERT INTO `u883604362_store`.`store_sanpham_nhom_loai_rel` (`id`, `sanpham_id`, `sanpham_nhom_id`, `sanpham_loai_id`, `deleted_at`, `created_at`, `updated_at`) VALUES (169,169,1,10,NULL,NULL,NULL);
INSERT INTO `u883604362_store`.`store_sanpham_nhom_loai_rel` (`id`, `sanpham_id`, `sanpham_nhom_id`, `sanpham_loai_id`, `deleted_at`, `created_at`, `updated_at`) VALUES (170,170,1,10,NULL,NULL,NULL);
INSERT INTO `u883604362_store`.`store_sanpham_nhom_loai_rel` (`id`, `sanpham_id`, `sanpham_nhom_id`, `sanpham_loai_id`, `deleted_at`, `created_at`, `updated_at`) VALUES (171,171,1,10,NULL,NULL,NULL);
INSERT INTO `u883604362_store`.`store_sanpham_nhom_loai_rel` (`id`, `sanpham_id`, `sanpham_nhom_id`, `sanpham_loai_id`, `deleted_at`, `created_at`, `updated_at`) VALUES (172,172,1,10,NULL,NULL,NULL);
INSERT INTO `u883604362_store`.`store_sanpham_nhom_loai_rel` (`id`, `sanpham_id`, `sanpham_nhom_id`, `sanpham_loai_id`, `deleted_at`, `created_at`, `updated_at`) VALUES (173,173,1,10,NULL,NULL,NULL);
INSERT INTO `u883604362_store`.`store_sanpham_nhom_loai_rel` (`id`, `sanpham_id`, `sanpham_nhom_id`, `sanpham_loai_id`, `deleted_at`, `created_at`, `updated_at`) VALUES (174,174,1,9,NULL,NULL,NULL);
INSERT INTO `u883604362_store`.`store_sanpham_nhom_loai_rel` (`id`, `sanpham_id`, `sanpham_nhom_id`, `sanpham_loai_id`, `deleted_at`, `created_at`, `updated_at`) VALUES (175,175,1,9,NULL,NULL,NULL);
INSERT INTO `u883604362_store`.`store_sanpham_nhom_loai_rel` (`id`, `sanpham_id`, `sanpham_nhom_id`, `sanpham_loai_id`, `deleted_at`, `created_at`, `updated_at`) VALUES (176,176,1,9,NULL,NULL,NULL);
INSERT INTO `u883604362_store`.`store_sanpham_nhom_loai_rel` (`id`, `sanpham_id`, `sanpham_nhom_id`, `sanpham_loai_id`, `deleted_at`, `created_at`, `updated_at`) VALUES (177,177,1,9,NULL,NULL,NULL);
INSERT INTO `u883604362_store`.`store_sanpham_nhom_loai_rel` (`id`, `sanpham_id`, `sanpham_nhom_id`, `sanpham_loai_id`, `deleted_at`, `created_at`, `updated_at`) VALUES (178,178,1,9,NULL,NULL,NULL);
INSERT INTO `u883604362_store`.`store_sanpham_nhom_loai_rel` (`id`, `sanpham_id`, `sanpham_nhom_id`, `sanpham_loai_id`, `deleted_at`, `created_at`, `updated_at`) VALUES (179,179,1,9,NULL,NULL,NULL);
INSERT INTO `u883604362_store`.`store_sanpham_nhom_loai_rel` (`id`, `sanpham_id`, `sanpham_nhom_id`, `sanpham_loai_id`, `deleted_at`, `created_at`, `updated_at`) VALUES (180,180,1,9,NULL,NULL,NULL);
INSERT INTO `u883604362_store`.`store_sanpham_nhom_loai_rel` (`id`, `sanpham_id`, `sanpham_nhom_id`, `sanpham_loai_id`, `deleted_at`, `created_at`, `updated_at`) VALUES (181,181,1,9,NULL,NULL,NULL);
INSERT INTO `u883604362_store`.`store_sanpham_nhom_loai_rel` (`id`, `sanpham_id`, `sanpham_nhom_id`, `sanpham_loai_id`, `deleted_at`, `created_at`, `updated_at`) VALUES (182,182,1,9,NULL,NULL,NULL);
INSERT INTO `u883604362_store`.`store_sanpham_nhom_loai_rel` (`id`, `sanpham_id`, `sanpham_nhom_id`, `sanpham_loai_id`, `deleted_at`, `created_at`, `updated_at`) VALUES (183,183,1,9,NULL,NULL,NULL);
INSERT INTO `u883604362_store`.`store_sanpham_nhom_loai_rel` (`id`, `sanpham_id`, `sanpham_nhom_id`, `sanpham_loai_id`, `deleted_at`, `created_at`, `updated_at`) VALUES (184,184,1,9,NULL,NULL,NULL);
INSERT INTO `u883604362_store`.`store_sanpham_nhom_loai_rel` (`id`, `sanpham_id`, `sanpham_nhom_id`, `sanpham_loai_id`, `deleted_at`, `created_at`, `updated_at`) VALUES (185,185,1,11,NULL,NULL,NULL);
INSERT INTO `u883604362_store`.`store_sanpham_nhom_loai_rel` (`id`, `sanpham_id`, `sanpham_nhom_id`, `sanpham_loai_id`, `deleted_at`, `created_at`, `updated_at`) VALUES (186,186,1,11,NULL,NULL,NULL);
INSERT INTO `u883604362_store`.`store_sanpham_nhom_loai_rel` (`id`, `sanpham_id`, `sanpham_nhom_id`, `sanpham_loai_id`, `deleted_at`, `created_at`, `updated_at`) VALUES (187,187,1,11,NULL,NULL,NULL);
INSERT INTO `u883604362_store`.`store_sanpham_nhom_loai_rel` (`id`, `sanpham_id`, `sanpham_nhom_id`, `sanpham_loai_id`, `deleted_at`, `created_at`, `updated_at`) VALUES (188,188,1,11,NULL,NULL,NULL);
INSERT INTO `u883604362_store`.`store_sanpham_nhom_loai_rel` (`id`, `sanpham_id`, `sanpham_nhom_id`, `sanpham_loai_id`, `deleted_at`, `created_at`, `updated_at`) VALUES (189,189,1,11,NULL,NULL,NULL);
INSERT INTO `u883604362_store`.`store_sanpham_nhom_loai_rel` (`id`, `sanpham_id`, `sanpham_nhom_id`, `sanpham_loai_id`, `deleted_at`, `created_at`, `updated_at`) VALUES (190,190,1,11,NULL,NULL,NULL);
INSERT INTO `u883604362_store`.`store_sanpham_nhom_loai_rel` (`id`, `sanpham_id`, `sanpham_nhom_id`, `sanpham_loai_id`, `deleted_at`, `created_at`, `updated_at`) VALUES (191,191,1,11,NULL,NULL,NULL);
INSERT INTO `u883604362_store`.`store_sanpham_nhom_loai_rel` (`id`, `sanpham_id`, `sanpham_nhom_id`, `sanpham_loai_id`, `deleted_at`, `created_at`, `updated_at`) VALUES (192,192,1,11,NULL,NULL,NULL);
INSERT INTO `u883604362_store`.`store_sanpham_nhom_loai_rel` (`id`, `sanpham_id`, `sanpham_nhom_id`, `sanpham_loai_id`, `deleted_at`, `created_at`, `updated_at`) VALUES (193,193,1,11,NULL,NULL,NULL);
INSERT INTO `u883604362_store`.`store_sanpham_nhom_loai_rel` (`id`, `sanpham_id`, `sanpham_nhom_id`, `sanpham_loai_id`, `deleted_at`, `created_at`, `updated_at`) VALUES (194,194,1,13,NULL,NULL,NULL);
INSERT INTO `u883604362_store`.`store_sanpham_nhom_loai_rel` (`id`, `sanpham_id`, `sanpham_nhom_id`, `sanpham_loai_id`, `deleted_at`, `created_at`, `updated_at`) VALUES (195,195,1,8,NULL,NULL,NULL);
INSERT INTO `u883604362_store`.`store_sanpham_nhom_loai_rel` (`id`, `sanpham_id`, `sanpham_nhom_id`, `sanpham_loai_id`, `deleted_at`, `created_at`, `updated_at`) VALUES (196,196,1,8,NULL,NULL,NULL);
INSERT INTO `u883604362_store`.`store_sanpham_nhom_loai_rel` (`id`, `sanpham_id`, `sanpham_nhom_id`, `sanpham_loai_id`, `deleted_at`, `created_at`, `updated_at`) VALUES (197,197,1,8,NULL,NULL,NULL);

-- 3. Phiếu nhập
INSERT INTO `u883604362_store`.`store_phieunhap` (`id`, `so_phieunhap`, `ngay_nhapkho`, `ngay_laphoadon`, `ngay_xacnhan`, `lydo_nhap`, `nguoi_giaohang`, `so_chungtu`, `bienban_kiemnhap_sophieu`, `bienban_kiemnhap_ngay_lapbienban`, `bienban_kiemnhap_tokiemnhap`, `bienban_kiemnhap_lydo`, `bienban_kiemnhap_diadiem`, `bienban_kiemnhap_ykiendexuat`, `nhapxuat_id`, `phieuxuat_id`, `nhacungcap_id`, `chuongtrinh_id`, `soketoan_id`, `nhap_tu_kho_id`, `nhap_vao_kho_id`, `nguoi_lapphieu_id`, `deleted_at`, `created_at`, `updated_at`) VALUES( 40,'TKDK1','2018-01-01','2018-01-01','2018-01-01','Nhập import tồn kho đầu kỳ 2018 vào phần mềm',NULL,'40',NULL,NULL,NULL,NULL,NULL,NULL,45,NULL,NULL,NULL,2,NULL,1,1,NULL,'2018-05-28','2018-05-28');





-- 4. Chi tiết phiếu nhập
INSERT INTO `u883604362_store`.`store_phieunhap_chitiet` (`id`, `ngay_sudungdautien`, `dongianhap`, `soluongnhap`, `soluong_conlai`, `soluong_theohopdong`, `thue`, `hansudung`, `so_lo`, `so_chungtu`, `nhapxuat_id`, `phieunhap_id`, `soketoan_id`, `nhap_vao_kho_id`, `sanpham_id`, `donvitinh_id`, `nguoncungcap_id`, `nuocsanxuat_id`, `deleted_at`, `created_at`, `updated_at`, `nhap_vao_donvi_id`) VALUES(148,'2018-05-29',2188.99,0,0,NULL,NULL,NULL,'TMC16015E','',45,40,2,1,148,27,2,NULL,NULL,NULL,NULL,'1');
INSERT INTO `u883604362_store`.`store_phieunhap_chitiet` (`id`, `ngay_sudungdautien`, `dongianhap`, `soluongnhap`, `soluong_conlai`, `soluong_theohopdong`, `thue`, `hansudung`, `so_lo`, `so_chungtu`, `nhapxuat_id`, `phieunhap_id`, `soketoan_id`, `nhap_vao_kho_id`, `sanpham_id`, `donvitinh_id`, `nguoncungcap_id`, `nuocsanxuat_id`, `deleted_at`, `created_at`, `updated_at`, `nhap_vao_donvi_id`) VALUES(149,'2018-05-29',84647.4,263,263,NULL,NULL,'2019-05-01','5160510','',45,40,2,1,149,15,2,NULL,NULL,NULL,NULL,'1');
INSERT INTO `u883604362_store`.`store_phieunhap_chitiet` (`id`, `ngay_sudungdautien`, `dongianhap`, `soluongnhap`, `soluong_conlai`, `soluong_theohopdong`, `thue`, `hansudung`, `so_lo`, `so_chungtu`, `nhapxuat_id`, `phieunhap_id`, `soketoan_id`, `nhap_vao_kho_id`, `sanpham_id`, `donvitinh_id`, `nguoncungcap_id`, `nuocsanxuat_id`, `deleted_at`, `created_at`, `updated_at`, `nhap_vao_donvi_id`) VALUES(150,'2018-05-29',27195,2600,2600,NULL,NULL,'2020-10-01','GL1046','',45,40,2,1,150,27,2,NULL,NULL,NULL,NULL,'1');
INSERT INTO `u883604362_store`.`store_phieunhap_chitiet` (`id`, `ngay_sudungdautien`, `dongianhap`, `soluongnhap`, `soluong_conlai`, `soluong_theohopdong`, `thue`, `hansudung`, `so_lo`, `so_chungtu`, `nhapxuat_id`, `phieunhap_id`, `soketoan_id`, `nhap_vao_kho_id`, `sanpham_id`, `donvitinh_id`, `nguoncungcap_id`, `nuocsanxuat_id`, `deleted_at`, `created_at`, `updated_at`, `nhap_vao_donvi_id`) VALUES(151,'2018-05-29',24696.3,0,0,NULL,NULL,'2020-10-01','GL1046','',45,40,2,1,151,27,2,NULL,NULL,NULL,NULL,'1');
INSERT INTO `u883604362_store`.`store_phieunhap_chitiet` (`id`, `ngay_sudungdautien`, `dongianhap`, `soluongnhap`, `soluong_conlai`, `soluong_theohopdong`, `thue`, `hansudung`, `so_lo`, `so_chungtu`, `nhapxuat_id`, `phieunhap_id`, `soketoan_id`, `nhap_vao_kho_id`, `sanpham_id`, `donvitinh_id`, `nguoncungcap_id`, `nuocsanxuat_id`, `deleted_at`, `created_at`, `updated_at`, `nhap_vao_donvi_id`) VALUES(152,'2018-05-29',9607.95,5400,5400,NULL,NULL,'2017-03-01','1503206','',45,40,2,1,152,27,2,NULL,NULL,NULL,NULL,'1');
INSERT INTO `u883604362_store`.`store_phieunhap_chitiet` (`id`, `ngay_sudungdautien`, `dongianhap`, `soluongnhap`, `soluong_conlai`, `soluong_theohopdong`, `thue`, `hansudung`, `so_lo`, `so_chungtu`, `nhapxuat_id`, `phieunhap_id`, `soketoan_id`, `nhap_vao_kho_id`, `sanpham_id`, `donvitinh_id`, `nguoncungcap_id`, `nuocsanxuat_id`, `deleted_at`, `created_at`, `updated_at`, `nhap_vao_donvi_id`) VALUES(153,'2018-05-29',5000.7,36000,36000,NULL,NULL,'2019-01-19','1607450','',45,40,2,1,153,27,2,NULL,NULL,NULL,NULL,'1');
INSERT INTO `u883604362_store`.`store_phieunhap_chitiet` (`id`, `ngay_sudungdautien`, `dongianhap`, `soluongnhap`, `soluong_conlai`, `soluong_theohopdong`, `thue`, `hansudung`, `so_lo`, `so_chungtu`, `nhapxuat_id`, `phieunhap_id`, `soketoan_id`, `nhap_vao_kho_id`, `sanpham_id`, `donvitinh_id`, `nguoncungcap_id`, `nuocsanxuat_id`, `deleted_at`, `created_at`, `updated_at`, `nhap_vao_donvi_id`) VALUES(154,'2018-05-29',5000.7,52500,52500,NULL,NULL,'2019-01-19','1607452','',45,40,2,1,154,27,2,NULL,NULL,NULL,NULL,'1');
INSERT INTO `u883604362_store`.`store_phieunhap_chitiet` (`id`, `ngay_sudungdautien`, `dongianhap`, `soluongnhap`, `soluong_conlai`, `soluong_theohopdong`, `thue`, `hansudung`, `so_lo`, `so_chungtu`, `nhapxuat_id`, `phieunhap_id`, `soketoan_id`, `nhap_vao_kho_id`, `sanpham_id`, `donvitinh_id`, `nguoncungcap_id`, `nuocsanxuat_id`, `deleted_at`, `created_at`, `updated_at`, `nhap_vao_donvi_id`) VALUES(155,'2018-05-29',6737.433,0,0,NULL,NULL,'2019-07-19','1701489','',45,40,2,1,155,27,2,NULL,NULL,NULL,NULL,'1');
INSERT INTO `u883604362_store`.`store_phieunhap_chitiet` (`id`, `ngay_sudungdautien`, `dongianhap`, `soluongnhap`, `soluong_conlai`, `soluong_theohopdong`, `thue`, `hansudung`, `so_lo`, `so_chungtu`, `nhapxuat_id`, `phieunhap_id`, `soketoan_id`, `nhap_vao_kho_id`, `sanpham_id`, `donvitinh_id`, `nguoncungcap_id`, `nuocsanxuat_id`, `deleted_at`, `created_at`, `updated_at`, `nhap_vao_donvi_id`) VALUES(156,'2018-05-29',3253.8,1344,1344,NULL,NULL,'2020-08-01','16TTB143A','',45,40,2,1,156,27,2,NULL,NULL,NULL,NULL,'1');
INSERT INTO `u883604362_store`.`store_phieunhap_chitiet` (`id`, `ngay_sudungdautien`, `dongianhap`, `soluongnhap`, `soluong_conlai`, `soluong_theohopdong`, `thue`, `hansudung`, `so_lo`, `so_chungtu`, `nhapxuat_id`, `phieunhap_id`, `soketoan_id`, `nhap_vao_kho_id`, `sanpham_id`, `donvitinh_id`, `nguoncungcap_id`, `nuocsanxuat_id`, `deleted_at`, `created_at`, `updated_at`, `nhap_vao_donvi_id`) VALUES(157,'2018-05-29',755.18,0,0,NULL,NULL,'2020-08-01','16TIB143A','',45,40,2,1,157,27,2,NULL,NULL,NULL,NULL,'1');
INSERT INTO `u883604362_store`.`store_phieunhap_chitiet` (`id`, `ngay_sudungdautien`, `dongianhap`, `soluongnhap`, `soluong_conlai`, `soluong_theohopdong`, `thue`, `hansudung`, `so_lo`, `so_chungtu`, `nhapxuat_id`, `phieunhap_id`, `soketoan_id`, `nhap_vao_kho_id`, `sanpham_id`, `donvitinh_id`, `nguoncungcap_id`, `nuocsanxuat_id`, `deleted_at`, `created_at`, `updated_at`, `nhap_vao_donvi_id`) VALUES(158,'2018-05-29',52852.06,1200,1200,NULL,NULL,'2019-04-01','WKDNAN1771','',45,40,2,1,158,18,2,NULL,NULL,NULL,NULL,'1');
INSERT INTO `u883604362_store`.`store_phieunhap_chitiet` (`id`, `ngay_sudungdautien`, `dongianhap`, `soluongnhap`, `soluong_conlai`, `soluong_theohopdong`, `thue`, `hansudung`, `so_lo`, `so_chungtu`, `nhapxuat_id`, `phieunhap_id`, `soketoan_id`, `nhap_vao_kho_id`, `sanpham_id`, `donvitinh_id`, `nguoncungcap_id`, `nuocsanxuat_id`, `deleted_at`, `created_at`, `updated_at`, `nhap_vao_donvi_id`) VALUES(159,'2018-05-29',530090.145,15000,15000,NULL,NULL,'2019-08-01','WKDNAN1767','',45,40,2,1,159,18,2,NULL,NULL,NULL,NULL,'1');
INSERT INTO `u883604362_store`.`store_phieunhap_chitiet` (`id`, `ngay_sudungdautien`, `dongianhap`, `soluongnhap`, `soluong_conlai`, `soluong_theohopdong`, `thue`, `hansudung`, `so_lo`, `so_chungtu`, `nhapxuat_id`, `phieunhap_id`, `soketoan_id`, `nhap_vao_kho_id`, `sanpham_id`, `donvitinh_id`, `nguoncungcap_id`, `nuocsanxuat_id`, `deleted_at`, `created_at`, `updated_at`, `nhap_vao_donvi_id`) VALUES(160,'2018-05-29',53090.145,0,0,NULL,NULL,'2019-08-01','WKDNAN1769','',45,40,2,1,160,18,2,NULL,NULL,NULL,NULL,'1');
INSERT INTO `u883604362_store`.`store_phieunhap_chitiet` (`id`, `ngay_sudungdautien`, `dongianhap`, `soluongnhap`, `soluong_conlai`, `soluong_theohopdong`, `thue`, `hansudung`, `so_lo`, `so_chungtu`, `nhapxuat_id`, `phieunhap_id`, `soketoan_id`, `nhap_vao_kho_id`, `sanpham_id`, `donvitinh_id`, `nguoncungcap_id`, `nuocsanxuat_id`, `deleted_at`, `created_at`, `updated_at`, `nhap_vao_donvi_id`) VALUES(161,'2018-05-29',943.1,68100,68100,NULL,NULL,'2018-08-01','BLB6614A','',45,40,2,1,161,27,2,NULL,NULL,NULL,NULL,'1');
INSERT INTO `u883604362_store`.`store_phieunhap_chitiet` (`id`, `ngay_sudungdautien`, `dongianhap`, `soluongnhap`, `soluong_conlai`, `soluong_theohopdong`, `thue`, `hansudung`, `so_lo`, `so_chungtu`, `nhapxuat_id`, `phieunhap_id`, `soketoan_id`, `nhap_vao_kho_id`, `sanpham_id`, `donvitinh_id`, `nguoncungcap_id`, `nuocsanxuat_id`, `deleted_at`, `created_at`, `updated_at`, `nhap_vao_donvi_id`) VALUES(162,'2018-05-29',923.55,0,0,NULL,NULL,'2019-11-01','BLB6622A','',45,40,2,1,162,27,2,NULL,NULL,NULL,NULL,'1');
INSERT INTO `u883604362_store`.`store_phieunhap_chitiet` (`id`, `ngay_sudungdautien`, `dongianhap`, `soluongnhap`, `soluong_conlai`, `soluong_theohopdong`, `thue`, `hansudung`, `so_lo`, `so_chungtu`, `nhapxuat_id`, `phieunhap_id`, `soketoan_id`, `nhap_vao_kho_id`, `sanpham_id`, `donvitinh_id`, `nguoncungcap_id`, `nuocsanxuat_id`, `deleted_at`, `created_at`, `updated_at`, `nhap_vao_donvi_id`) VALUES(163,'2018-05-29',124783.2,380,380,NULL,NULL,'2019-01-01','Liz16014A','',45,40,2,1,163,27,2,NULL,NULL,NULL,NULL,'1');
INSERT INTO `u883604362_store`.`store_phieunhap_chitiet` (`id`, `ngay_sudungdautien`, `dongianhap`, `soluongnhap`, `soluong_conlai`, `soluong_theohopdong`, `thue`, `hansudung`, `so_lo`, `so_chungtu`, `nhapxuat_id`, `phieunhap_id`, `soketoan_id`, `nhap_vao_kho_id`, `sanpham_id`, `donvitinh_id`, `nguoncungcap_id`, `nuocsanxuat_id`, `deleted_at`, `created_at`, `updated_at`, `nhap_vao_donvi_id`) VALUES(164,'2018-05-29',124783.2,0,0,NULL,NULL,'2019-01-01','LIZ16015A','',45,40,2,1,164,27,2,NULL,NULL,NULL,NULL,'1');
INSERT INTO `u883604362_store`.`store_phieunhap_chitiet` (`id`, `ngay_sudungdautien`, `dongianhap`, `soluongnhap`, `soluong_conlai`, `soluong_theohopdong`, `thue`, `hansudung`, `so_lo`, `so_chungtu`, `nhapxuat_id`, `phieunhap_id`, `soketoan_id`, `nhap_vao_kho_id`, `sanpham_id`, `donvitinh_id`, `nguoncungcap_id`, `nuocsanxuat_id`, `deleted_at`, `created_at`, `updated_at`, `nhap_vao_donvi_id`) VALUES(165,'2018-05-29',11421.3,830,830,NULL,NULL,'2019-08-01','MXF16013B','',45,40,2,1,165,27,2,NULL,NULL,NULL,NULL,'1');
INSERT INTO `u883604362_store`.`store_phieunhap_chitiet` (`id`, `ngay_sudungdautien`, `dongianhap`, `soluongnhap`, `soluong_conlai`, `soluong_theohopdong`, `thue`, `hansudung`, `so_lo`, `so_chungtu`, `nhapxuat_id`, `phieunhap_id`, `soketoan_id`, `nhap_vao_kho_id`, `sanpham_id`, `donvitinh_id`, `nguoncungcap_id`, `nuocsanxuat_id`, `deleted_at`, `created_at`, `updated_at`, `nhap_vao_donvi_id`) VALUES(166,'2018-05-29',11421.3,0,0,NULL,NULL,'2019-08-01','MXF16013B','',45,40,2,1,166,27,2,NULL,NULL,NULL,NULL,'1');
INSERT INTO `u883604362_store`.`store_phieunhap_chitiet` (`id`, `ngay_sudungdautien`, `dongianhap`, `soluongnhap`, `soluong_conlai`, `soluong_theohopdong`, `thue`, `hansudung`, `so_lo`, `so_chungtu`, `nhapxuat_id`, `phieunhap_id`, `soketoan_id`, `nhap_vao_kho_id`, `sanpham_id`, `donvitinh_id`, `nguoncungcap_id`, `nuocsanxuat_id`, `deleted_at`, `created_at`, `updated_at`, `nhap_vao_donvi_id`) VALUES(167,'2018-05-29',30450,300,300,NULL,NULL,'2018-05-01','1740515','',45,40,2,1,167,10,2,NULL,NULL,NULL,NULL,'1');
INSERT INTO `u883604362_store`.`store_phieunhap_chitiet` (`id`, `ngay_sudungdautien`, `dongianhap`, `soluongnhap`, `soluong_conlai`, `soluong_theohopdong`, `thue`, `hansudung`, `so_lo`, `so_chungtu`, `nhapxuat_id`, `phieunhap_id`, `soketoan_id`, `nhap_vao_kho_id`, `sanpham_id`, `donvitinh_id`, `nguoncungcap_id`, `nuocsanxuat_id`, `deleted_at`, `created_at`, `updated_at`, `nhap_vao_donvi_id`) VALUES(168,'2018-05-29',30450,0,0,NULL,NULL,'2018-06-01','2080615','',45,40,2,1,168,10,2,NULL,NULL,NULL,NULL,'1');
INSERT INTO `u883604362_store`.`store_phieunhap_chitiet` (`id`, `ngay_sudungdautien`, `dongianhap`, `soluongnhap`, `soluong_conlai`, `soluong_theohopdong`, `thue`, `hansudung`, `so_lo`, `so_chungtu`, `nhapxuat_id`, `phieunhap_id`, `soketoan_id`, `nhap_vao_kho_id`, `sanpham_id`, `donvitinh_id`, `nguoncungcap_id`, `nuocsanxuat_id`, `deleted_at`, `created_at`, `updated_at`, `nhap_vao_donvi_id`) VALUES(169,'2018-05-29',2230.89,42400,42400,NULL,NULL,'2019-06-01','A604339','',45,40,2,1,169,27,2,NULL,NULL,NULL,NULL,'1');
INSERT INTO `u883604362_store`.`store_phieunhap_chitiet` (`id`, `ngay_sudungdautien`, `dongianhap`, `soluongnhap`, `soluong_conlai`, `soluong_theohopdong`, `thue`, `hansudung`, `so_lo`, `so_chungtu`, `nhapxuat_id`, `phieunhap_id`, `soketoan_id`, `nhap_vao_kho_id`, `sanpham_id`, `donvitinh_id`, `nguoncungcap_id`, `nuocsanxuat_id`, `deleted_at`, `created_at`, `updated_at`, `nhap_vao_donvi_id`) VALUES(170,'2018-05-29',2249.81,50000,50000,NULL,NULL,'2019-06-01','A604393','',45,40,2,1,170,27,2,NULL,NULL,NULL,NULL,'1');
INSERT INTO `u883604362_store`.`store_phieunhap_chitiet` (`id`, `ngay_sudungdautien`, `dongianhap`, `soluongnhap`, `soluong_conlai`, `soluong_theohopdong`, `thue`, `hansudung`, `so_lo`, `so_chungtu`, `nhapxuat_id`, `phieunhap_id`, `soketoan_id`, `nhap_vao_kho_id`, `sanpham_id`, `donvitinh_id`, `nguoncungcap_id`, `nuocsanxuat_id`, `deleted_at`, `created_at`, `updated_at`, `nhap_vao_donvi_id`) VALUES(171,'2018-05-29',2249.81,0,0,NULL,NULL,'2019-06-01','A604393','',45,40,2,1,171,27,2,NULL,NULL,NULL,NULL,'1');
INSERT INTO `u883604362_store`.`store_phieunhap_chitiet` (`id`, `ngay_sudungdautien`, `dongianhap`, `soluongnhap`, `soluong_conlai`, `soluong_theohopdong`, `thue`, `hansudung`, `so_lo`, `so_chungtu`, `nhapxuat_id`, `phieunhap_id`, `soketoan_id`, `nhap_vao_kho_id`, `sanpham_id`, `donvitinh_id`, `nguoncungcap_id`, `nuocsanxuat_id`, `deleted_at`, `created_at`, `updated_at`, `nhap_vao_donvi_id`) VALUES(172,'2018-05-29',715.39,126000,126000,NULL,NULL,'2020-07-01','16TPE036A','',45,40,2,1,172,27,2,NULL,NULL,NULL,NULL,'1');
INSERT INTO `u883604362_store`.`store_phieunhap_chitiet` (`id`, `ngay_sudungdautien`, `dongianhap`, `soluongnhap`, `soluong_conlai`, `soluong_theohopdong`, `thue`, `hansudung`, `so_lo`, `so_chungtu`, `nhapxuat_id`, `phieunhap_id`, `soketoan_id`, `nhap_vao_kho_id`, `sanpham_id`, `donvitinh_id`, `nguoncungcap_id`, `nuocsanxuat_id`, `deleted_at`, `created_at`, `updated_at`, `nhap_vao_donvi_id`) VALUES(173,'2018-05-29',679.37,0,0,NULL,NULL,'2020-11-01','16TPE046A','',45,40,2,1,173,27,2,NULL,NULL,NULL,NULL,'1');
INSERT INTO `u883604362_store`.`store_phieunhap_chitiet` (`id`, `ngay_sudungdautien`, `dongianhap`, `soluongnhap`, `soluong_conlai`, `soluong_theohopdong`, `thue`, `hansudung`, `so_lo`, `so_chungtu`, `nhapxuat_id`, `phieunhap_id`, `soketoan_id`, `nhap_vao_kho_id`, `sanpham_id`, `donvitinh_id`, `nguoncungcap_id`, `nuocsanxuat_id`, `deleted_at`, `created_at`, `updated_at`, `nhap_vao_donvi_id`) VALUES(174,'2018-05-29',38.997,75000,75000,NULL,NULL,'2019-06-01','15017','',45,40,2,1,174,27,1,NULL,NULL,NULL,NULL,'1');
INSERT INTO `u883604362_store`.`store_phieunhap_chitiet` (`id`, `ngay_sudungdautien`, `dongianhap`, `soluongnhap`, `soluong_conlai`, `soluong_theohopdong`, `thue`, `hansudung`, `so_lo`, `so_chungtu`, `nhapxuat_id`, `phieunhap_id`, `soketoan_id`, `nhap_vao_kho_id`, `sanpham_id`, `donvitinh_id`, `nguoncungcap_id`, `nuocsanxuat_id`, `deleted_at`, `created_at`, `updated_at`, `nhap_vao_donvi_id`) VALUES(175,'2018-05-29',4298,15900,15900,NULL,NULL,'2021-03-01','517006','',45,40,2,1,175,15,1,NULL,NULL,NULL,NULL,'1');
INSERT INTO `u883604362_store`.`store_phieunhap_chitiet` (`id`, `ngay_sudungdautien`, `dongianhap`, `soluongnhap`, `soluong_conlai`, `soluong_theohopdong`, `thue`, `hansudung`, `so_lo`, `so_chungtu`, `nhapxuat_id`, `phieunhap_id`, `soketoan_id`, `nhap_vao_kho_id`, `sanpham_id`, `donvitinh_id`, `nguoncungcap_id`, `nuocsanxuat_id`, `deleted_at`, `created_at`, `updated_at`, `nhap_vao_donvi_id`) VALUES(176,'2018-05-29',4298,87900,87900,NULL,NULL,'2021-04-01','517009','',45,40,2,1,176,15,1,NULL,NULL,NULL,NULL,'1');
INSERT INTO `u883604362_store`.`store_phieunhap_chitiet` (`id`, `ngay_sudungdautien`, `dongianhap`, `soluongnhap`, `soluong_conlai`, `soluong_theohopdong`, `thue`, `hansudung`, `so_lo`, `so_chungtu`, `nhapxuat_id`, `phieunhap_id`, `soketoan_id`, `nhap_vao_kho_id`, `sanpham_id`, `donvitinh_id`, `nguoncungcap_id`, `nuocsanxuat_id`, `deleted_at`, `created_at`, `updated_at`, `nhap_vao_donvi_id`) VALUES(177,'2018-05-29',4298,73100,73100,NULL,NULL,'2021-04-01','517010','',45,40,2,1,177,15,1,NULL,NULL,NULL,NULL,'1');
INSERT INTO `u883604362_store`.`store_phieunhap_chitiet` (`id`, `ngay_sudungdautien`, `dongianhap`, `soluongnhap`, `soluong_conlai`, `soluong_theohopdong`, `thue`, `hansudung`, `so_lo`, `so_chungtu`, `nhapxuat_id`, `phieunhap_id`, `soketoan_id`, `nhap_vao_kho_id`, `sanpham_id`, `donvitinh_id`, `nguoncungcap_id`, `nuocsanxuat_id`, `deleted_at`, `created_at`, `updated_at`, `nhap_vao_donvi_id`) VALUES(178,'2018-05-29',4298,87950,87950,NULL,NULL,'2021-04-01','517011','',45,40,2,1,178,15,1,NULL,NULL,NULL,NULL,'1');
INSERT INTO `u883604362_store`.`store_phieunhap_chitiet` (`id`, `ngay_sudungdautien`, `dongianhap`, `soluongnhap`, `soluong_conlai`, `soluong_theohopdong`, `thue`, `hansudung`, `so_lo`, `so_chungtu`, `nhapxuat_id`, `phieunhap_id`, `soketoan_id`, `nhap_vao_kho_id`, `sanpham_id`, `donvitinh_id`, `nguoncungcap_id`, `nuocsanxuat_id`, `deleted_at`, `created_at`, `updated_at`, `nhap_vao_donvi_id`) VALUES(179,'2018-05-29',4298,23650,23650,NULL,NULL,'2021-05-01','517017','',45,40,2,1,179,15,1,NULL,NULL,NULL,NULL,'1');
INSERT INTO `u883604362_store`.`store_phieunhap_chitiet` (`id`, `ngay_sudungdautien`, `dongianhap`, `soluongnhap`, `soluong_conlai`, `soluong_theohopdong`, `thue`, `hansudung`, `so_lo`, `so_chungtu`, `nhapxuat_id`, `phieunhap_id`, `soketoan_id`, `nhap_vao_kho_id`, `sanpham_id`, `donvitinh_id`, `nguoncungcap_id`, `nuocsanxuat_id`, `deleted_at`, `created_at`, `updated_at`, `nhap_vao_donvi_id`) VALUES(180,'2018-05-29',1155,144120,144120,NULL,NULL,'2021-03-01','117','',45,40,2,1,180,27,1,NULL,NULL,NULL,NULL,'1');
INSERT INTO `u883604362_store`.`store_phieunhap_chitiet` (`id`, `ngay_sudungdautien`, `dongianhap`, `soluongnhap`, `soluong_conlai`, `soluong_theohopdong`, `thue`, `hansudung`, `so_lo`, `so_chungtu`, `nhapxuat_id`, `phieunhap_id`, `soketoan_id`, `nhap_vao_kho_id`, `sanpham_id`, `donvitinh_id`, `nguoncungcap_id`, `nuocsanxuat_id`, `deleted_at`, `created_at`, `updated_at`, `nhap_vao_donvi_id`) VALUES(181,'2018-05-29',1900,19960,19960,NULL,NULL,'2020-05-01','17131','',45,40,2,1,181,27,1,NULL,NULL,NULL,NULL,'1');
INSERT INTO `u883604362_store`.`store_phieunhap_chitiet` (`id`, `ngay_sudungdautien`, `dongianhap`, `soluongnhap`, `soluong_conlai`, `soluong_theohopdong`, `thue`, `hansudung`, `so_lo`, `so_chungtu`, `nhapxuat_id`, `phieunhap_id`, `soketoan_id`, `nhap_vao_kho_id`, `sanpham_id`, `donvitinh_id`, `nguoncungcap_id`, `nuocsanxuat_id`, `deleted_at`, `created_at`, `updated_at`, `nhap_vao_donvi_id`) VALUES(182,'2018-05-29',1900,224800,224800,NULL,NULL,'2020-05-01','17132','',45,40,2,1,182,27,1,NULL,NULL,NULL,NULL,'1');
INSERT INTO `u883604362_store`.`store_phieunhap_chitiet` (`id`, `ngay_sudungdautien`, `dongianhap`, `soluongnhap`, `soluong_conlai`, `soluong_theohopdong`, `thue`, `hansudung`, `so_lo`, `so_chungtu`, `nhapxuat_id`, `phieunhap_id`, `soketoan_id`, `nhap_vao_kho_id`, `sanpham_id`, `donvitinh_id`, `nguoncungcap_id`, `nuocsanxuat_id`, `deleted_at`, `created_at`, `updated_at`, `nhap_vao_donvi_id`) VALUES(183,'2018-05-29',1096,34210,34210,NULL,NULL,'2020-05-01','17109','',45,40,2,1,183,27,1,NULL,NULL,NULL,NULL,'1');
INSERT INTO `u883604362_store`.`store_phieunhap_chitiet` (`id`, `ngay_sudungdautien`, `dongianhap`, `soluongnhap`, `soluong_conlai`, `soluong_theohopdong`, `thue`, `hansudung`, `so_lo`, `so_chungtu`, `nhapxuat_id`, `phieunhap_id`, `soketoan_id`, `nhap_vao_kho_id`, `sanpham_id`, `donvitinh_id`, `nguoncungcap_id`, `nuocsanxuat_id`, `deleted_at`, `created_at`, `updated_at`, `nhap_vao_donvi_id`) VALUES(184,'2018-05-29',1083,190800,190800,NULL,NULL,'2021-08-01','17106','',45,40,2,1,184,27,1,NULL,NULL,NULL,NULL,'1');
INSERT INTO `u883604362_store`.`store_phieunhap_chitiet` (`id`, `ngay_sudungdautien`, `dongianhap`, `soluongnhap`, `soluong_conlai`, `soluong_theohopdong`, `thue`, `hansudung`, `so_lo`, `so_chungtu`, `nhapxuat_id`, `phieunhap_id`, `soketoan_id`, `nhap_vao_kho_id`, `sanpham_id`, `donvitinh_id`, `nguoncungcap_id`, `nuocsanxuat_id`, `deleted_at`, `created_at`, `updated_at`, `nhap_vao_donvi_id`) VALUES(185,'2018-05-29',310,81024,81024,NULL,NULL,'2022-04-01','','',45,40,2,1,185,33,1,NULL,NULL,NULL,NULL,'1');
INSERT INTO `u883604362_store`.`store_phieunhap_chitiet` (`id`, `ngay_sudungdautien`, `dongianhap`, `soluongnhap`, `soluong_conlai`, `soluong_theohopdong`, `thue`, `hansudung`, `so_lo`, `so_chungtu`, `nhapxuat_id`, `phieunhap_id`, `soketoan_id`, `nhap_vao_kho_id`, `sanpham_id`, `donvitinh_id`, `nguoncungcap_id`, `nuocsanxuat_id`, `deleted_at`, `created_at`, `updated_at`, `nhap_vao_donvi_id`) VALUES(186,'2018-05-29',1500,42500,42500,NULL,NULL,NULL,'','',45,40,2,1,186,33,1,NULL,NULL,NULL,NULL,'1');
INSERT INTO `u883604362_store`.`store_phieunhap_chitiet` (`id`, `ngay_sudungdautien`, `dongianhap`, `soluongnhap`, `soluong_conlai`, `soluong_theohopdong`, `thue`, `hansudung`, `so_lo`, `so_chungtu`, `nhapxuat_id`, `phieunhap_id`, `soketoan_id`, `nhap_vao_kho_id`, `sanpham_id`, `donvitinh_id`, `nguoncungcap_id`, `nuocsanxuat_id`, `deleted_at`, `created_at`, `updated_at`, `nhap_vao_donvi_id`) VALUES(187,'2018-05-29',1975,2000,2000,NULL,NULL,'2022-04-01','','',45,40,2,1,187,8,1,NULL,NULL,NULL,NULL,'1');
INSERT INTO `u883604362_store`.`store_phieunhap_chitiet` (`id`, `ngay_sudungdautien`, `dongianhap`, `soluongnhap`, `soluong_conlai`, `soluong_theohopdong`, `thue`, `hansudung`, `so_lo`, `so_chungtu`, `nhapxuat_id`, `phieunhap_id`, `soketoan_id`, `nhap_vao_kho_id`, `sanpham_id`, `donvitinh_id`, `nguoncungcap_id`, `nuocsanxuat_id`, `deleted_at`, `created_at`, `updated_at`, `nhap_vao_donvi_id`) VALUES(188,'2018-05-29',4860,1000,1000,NULL,NULL,'2020-01-01','','',45,40,2,1,188,17,1,NULL,NULL,NULL,NULL,'1');
INSERT INTO `u883604362_store`.`store_phieunhap_chitiet` (`id`, `ngay_sudungdautien`, `dongianhap`, `soluongnhap`, `soluong_conlai`, `soluong_theohopdong`, `thue`, `hansudung`, `so_lo`, `so_chungtu`, `nhapxuat_id`, `phieunhap_id`, `soketoan_id`, `nhap_vao_kho_id`, `sanpham_id`, `donvitinh_id`, `nguoncungcap_id`, `nuocsanxuat_id`, `deleted_at`, `created_at`, `updated_at`, `nhap_vao_donvi_id`) VALUES(189,'2018-05-29',8850,11000,11000,NULL,NULL,'2027-07-01','','',45,40,2,1,189,8,1,NULL,NULL,NULL,NULL,'1');
INSERT INTO `u883604362_store`.`store_phieunhap_chitiet` (`id`, `ngay_sudungdautien`, `dongianhap`, `soluongnhap`, `soluong_conlai`, `soluong_theohopdong`, `thue`, `hansudung`, `so_lo`, `so_chungtu`, `nhapxuat_id`, `phieunhap_id`, `soketoan_id`, `nhap_vao_kho_id`, `sanpham_id`, `donvitinh_id`, `nguoncungcap_id`, `nuocsanxuat_id`, `deleted_at`, `created_at`, `updated_at`, `nhap_vao_donvi_id`) VALUES(190,'2018-05-29',223971.16,200,200,NULL,NULL,NULL,'67082','',45,40,2,1,190,38,2,NULL,NULL,NULL,NULL,'1');
INSERT INTO `u883604362_store`.`store_phieunhap_chitiet` (`id`, `ngay_sudungdautien`, `dongianhap`, `soluongnhap`, `soluong_conlai`, `soluong_theohopdong`, `thue`, `hansudung`, `so_lo`, `so_chungtu`, `nhapxuat_id`, `phieunhap_id`, `soketoan_id`, `nhap_vao_kho_id`, `sanpham_id`, `donvitinh_id`, `nguoncungcap_id`, `nuocsanxuat_id`, `deleted_at`, `created_at`, `updated_at`, `nhap_vao_donvi_id`) VALUES(191,'2018-05-29',36000,0,0,NULL,NULL,NULL,'','',45,40,2,1,191,2,2,NULL,NULL,NULL,NULL,'1');
INSERT INTO `u883604362_store`.`store_phieunhap_chitiet` (`id`, `ngay_sudungdautien`, `dongianhap`, `soluongnhap`, `soluong_conlai`, `soluong_theohopdong`, `thue`, `hansudung`, `so_lo`, `so_chungtu`, `nhapxuat_id`, `phieunhap_id`, `soketoan_id`, `nhap_vao_kho_id`, `sanpham_id`, `donvitinh_id`, `nguoncungcap_id`, `nuocsanxuat_id`, `deleted_at`, `created_at`, `updated_at`, `nhap_vao_donvi_id`) VALUES(192,'2018-05-29',42000,0,0,NULL,NULL,NULL,'','',45,40,2,1,192,2,2,NULL,NULL,NULL,NULL,'1');
INSERT INTO `u883604362_store`.`store_phieunhap_chitiet` (`id`, `ngay_sudungdautien`, `dongianhap`, `soluongnhap`, `soluong_conlai`, `soluong_theohopdong`, `thue`, `hansudung`, `so_lo`, `so_chungtu`, `nhapxuat_id`, `phieunhap_id`, `soketoan_id`, `nhap_vao_kho_id`, `sanpham_id`, `donvitinh_id`, `nguoncungcap_id`, `nuocsanxuat_id`, `deleted_at`, `created_at`, `updated_at`, `nhap_vao_donvi_id`) VALUES(193,'2018-05-29',71200,0,0,NULL,NULL,NULL,'A16043B01','',45,40,2,1,193,2,2,NULL,NULL,NULL,NULL,'1');
INSERT INTO `u883604362_store`.`store_phieunhap_chitiet` (`id`, `ngay_sudungdautien`, `dongianhap`, `soluongnhap`, `soluong_conlai`, `soluong_theohopdong`, `thue`, `hansudung`, `so_lo`, `so_chungtu`, `nhapxuat_id`, `phieunhap_id`, `soketoan_id`, `nhap_vao_kho_id`, `sanpham_id`, `donvitinh_id`, `nguoncungcap_id`, `nuocsanxuat_id`, `deleted_at`, `created_at`, `updated_at`, `nhap_vao_donvi_id`) VALUES(194,'2018-05-29',1450000000,0,0,NULL,NULL,NULL,'','',45,40,2,1,194,36,2,NULL,NULL,NULL,NULL,'1');
INSERT INTO `u883604362_store`.`store_phieunhap_chitiet` (`id`, `ngay_sudungdautien`, `dongianhap`, `soluongnhap`, `soluong_conlai`, `soluong_theohopdong`, `thue`, `hansudung`, `so_lo`, `so_chungtu`, `nhapxuat_id`, `phieunhap_id`, `soketoan_id`, `nhap_vao_kho_id`, `sanpham_id`, `donvitinh_id`, `nguoncungcap_id`, `nuocsanxuat_id`, `deleted_at`, `created_at`, `updated_at`, `nhap_vao_donvi_id`) VALUES(195,'2018-05-29',0,0,0,NULL,NULL,NULL,'','',45,40,2,1,195,46,2,NULL,NULL,NULL,NULL,'1');
INSERT INTO `u883604362_store`.`store_phieunhap_chitiet` (`id`, `ngay_sudungdautien`, `dongianhap`, `soluongnhap`, `soluong_conlai`, `soluong_theohopdong`, `thue`, `hansudung`, `so_lo`, `so_chungtu`, `nhapxuat_id`, `phieunhap_id`, `soketoan_id`, `nhap_vao_kho_id`, `sanpham_id`, `donvitinh_id`, `nguoncungcap_id`, `nuocsanxuat_id`, `deleted_at`, `created_at`, `updated_at`, `nhap_vao_donvi_id`) VALUES(196,'2018-05-29',0,0,0,NULL,NULL,NULL,'','',45,40,2,1,196,46,2,NULL,NULL,NULL,NULL,'1');
INSERT INTO `u883604362_store`.`store_phieunhap_chitiet` (`id`, `ngay_sudungdautien`, `dongianhap`, `soluongnhap`, `soluong_conlai`, `soluong_theohopdong`, `thue`, `hansudung`, `so_lo`, `so_chungtu`, `nhapxuat_id`, `phieunhap_id`, `soketoan_id`, `nhap_vao_kho_id`, `sanpham_id`, `donvitinh_id`, `nguoncungcap_id`, `nuocsanxuat_id`, `deleted_at`, `created_at`, `updated_at`, `nhap_vao_donvi_id`) VALUES(197,'2018-05-29',0,1750,1750,NULL,NULL,NULL,'','',45,40,2,1,197,47,2,NULL,NULL,NULL,NULL,'1');






















